<?xml version="1.0" encoding="UTF-8"?>
<rss version="2.0" xmlns:ror="http://rorweb.com/0.1/" >
<channel>
  <title>ROR Sitemap for http://visual3design.com/v3d/index.php</title>
  <link>http://visual3design.com/v3d/index.php</link>

<item>
     <link>http://visual3design.com/v3d/index.php</link>
     <title>Visual3design.com</title>
     <description>I’m a Design Director with 17 years of graphic design and leadership experience in the branding, marketing,
advertising and webdesign.</description>
     <ror:updatePeriod></ror:updatePeriod>
     <ror:sortOrder>0</ror:sortOrder>
     <ror:resourceOf>sitemap</ror:resourceOf>
</item>
<item>
     <link>http://visual3design.com/v3d/index.php?chapter_id=1</link>
     <title>Visual3design.com</title>
     <description>I’m a Design Director with 17 years of graphic design and leadership experience in the branding, marketing,
advertising and webdesign.</description>
     <ror:updatePeriod></ror:updatePeriod>
     <ror:sortOrder>1</ror:sortOrder>
     <ror:resourceOf>sitemap</ror:resourceOf>
</item>
<item>
     <link>http://visual3design.com/v3d/index.php?chapter_id=2</link>
     <title>Visual3design.com</title>
     <description>I’m a Design Director with 17 years of graphic design and leadership experience in the branding, marketing,
advertising and webdesign.</description>
     <ror:updatePeriod></ror:updatePeriod>
     <ror:sortOrder>1</ror:sortOrder>
     <ror:resourceOf>sitemap</ror:resourceOf>
</item>
<item>
     <link>http://visual3design.com/v3d/index.php?chapter_id=3</link>
     <title>Visual3design.com</title>
     <description>I’m a Design Director with 17 years of graphic design and leadership experience in the branding, marketing,
advertising and webdesign.</description>
     <ror:updatePeriod></ror:updatePeriod>
     <ror:sortOrder>1</ror:sortOrder>
     <ror:resourceOf>sitemap</ror:resourceOf>
</item>
<item>
     <link>http://visual3design.com/v3d/index.php?p=design_lab</link>
     <title>Visual3design.com</title>
     <description>I’m a Design Director with 17 years of graphic design and leadership experience in the branding, marketing,
advertising and webdesign.</description>
     <ror:updatePeriod></ror:updatePeriod>
     <ror:sortOrder>1</ror:sortOrder>
     <ror:resourceOf>sitemap</ror:resourceOf>
</item>
<item>
     <link>http://visual3design.com/v3d/index.php?p=about</link>
     <title>Visual3design.com</title>
     <description>I’m a Design Director with 17 years of graphic design and leadership experience in the branding, marketing,
advertising and webdesign.</description>
     <ror:updatePeriod></ror:updatePeriod>
     <ror:sortOrder>1</ror:sortOrder>
     <ror:resourceOf>sitemap</ror:resourceOf>
</item>
<item>
     <link>http://visual3design.com/v3d/index.php?p=contact</link>
     <title>Visual3design.com</title>
     <description>I’m a Design Director with 17 years of graphic design and leadership experience in the branding, marketing,
advertising and webdesign.</description>
     <ror:updatePeriod></ror:updatePeriod>
     <ror:sortOrder>1</ror:sortOrder>
     <ror:resourceOf>sitemap</ror:resourceOf>
</item>
<item>
     <link>http://visual3design.com/v3d/srodek.php?id=23</link>
     <title>Visual3design.com</title>
     <description>I’m a Design Director with 17 years of graphic design and leadership experience in the branding, marketing,
advertising and webdesign.</description>
     <ror:updatePeriod></ror:updatePeriod>
     <ror:sortOrder>1</ror:sortOrder>
     <ror:resourceOf>sitemap</ror:resourceOf>
</item>
<item>
     <link>http://visual3design.com/v3d/srodek.php?id=25</link>
     <title>Visual3design.com</title>
     <description>I’m a Design Director with 17 years of graphic design and leadership experience in the branding, marketing,
advertising and webdesign.</description>
     <ror:updatePeriod></ror:updatePeriod>
     <ror:sortOrder>1</ror:sortOrder>
     <ror:resourceOf>sitemap</ror:resourceOf>
</item>
<item>
     <link>http://visual3design.com/v3d/srodek.php?id=22</link>
     <title>Visual3design.com</title>
     <description>I’m a Design Director with 17 years of graphic design and leadership experience in the branding, marketing,
advertising and webdesign.</description>
     <ror:updatePeriod></ror:updatePeriod>
     <ror:sortOrder>1</ror:sortOrder>
     <ror:resourceOf>sitemap</ror:resourceOf>
</item>
<item>
     <link>http://visual3design.com/v3d/srodek.php?id=24</link>
     <title>Visual3design.com</title>
     <description>I’m a Design Director with 17 years of graphic design and leadership experience in the branding, marketing,
advertising and webdesign.</description>
     <ror:updatePeriod></ror:updatePeriod>
     <ror:sortOrder>1</ror:sortOrder>
     <ror:resourceOf>sitemap</ror:resourceOf>
</item>
<item>
     <link>http://visual3design.com/v3d/srodek.php?id=1</link>
     <title>Visual3design.com</title>
     <description>I’m a Design Director with 17 years of graphic design and leadership experience in the branding, marketing,
advertising and webdesign.</description>
     <ror:updatePeriod></ror:updatePeriod>
     <ror:sortOrder>1</ror:sortOrder>
     <ror:resourceOf>sitemap</ror:resourceOf>
</item>
<item>
     <link>http://visual3design.com/v3d/srodek.php?id=2</link>
     <title>Visual3design.com</title>
     <description>I’m a Design Director with 17 years of graphic design and leadership experience in the branding, marketing,
advertising and webdesign.</description>
     <ror:updatePeriod></ror:updatePeriod>
     <ror:sortOrder>1</ror:sortOrder>
     <ror:resourceOf>sitemap</ror:resourceOf>
</item>
<item>
     <link>http://visual3design.com/v3d/srodek.php?id=3</link>
     <title>Visual3design.com</title>
     <description>I’m a Design Director with 17 years of graphic design and leadership experience in the branding, marketing,
advertising and webdesign.</description>
     <ror:updatePeriod></ror:updatePeriod>
     <ror:sortOrder>1</ror:sortOrder>
     <ror:resourceOf>sitemap</ror:resourceOf>
</item>
<item>
     <link>http://visual3design.com/v3d/srodek.php?id=4</link>
     <title>Visual3design.com</title>
     <description>I’m a Design Director with 17 years of graphic design and leadership experience in the branding, marketing,
advertising and webdesign.</description>
     <ror:updatePeriod></ror:updatePeriod>
     <ror:sortOrder>1</ror:sortOrder>
     <ror:resourceOf>sitemap</ror:resourceOf>
</item>
<item>
     <link>http://visual3design.com/v3d/srodek.php?id=5</link>
     <title>Visual3design.com</title>
     <description>I’m a Design Director with 17 years of graphic design and leadership experience in the branding, marketing,
advertising and webdesign.</description>
     <ror:updatePeriod></ror:updatePeriod>
     <ror:sortOrder>1</ror:sortOrder>
     <ror:resourceOf>sitemap</ror:resourceOf>
</item>
<item>
     <link>http://visual3design.com/v3d/srodek.php?id=6</link>
     <title>Visual3design.com</title>
     <description>I’m a Design Director with 17 years of graphic design and leadership experience in the branding, marketing,
advertising and webdesign.</description>
     <ror:updatePeriod></ror:updatePeriod>
     <ror:sortOrder>1</ror:sortOrder>
     <ror:resourceOf>sitemap</ror:resourceOf>
</item>
<item>
     <link>http://visual3design.com/v3d/srodek.php?id=7</link>
     <title>Visual3design.com</title>
     <description>I’m a Design Director with 17 years of graphic design and leadership experience in the branding, marketing,
advertising and webdesign.</description>
     <ror:updatePeriod></ror:updatePeriod>
     <ror:sortOrder>1</ror:sortOrder>
     <ror:resourceOf>sitemap</ror:resourceOf>
</item>
<item>
     <link>http://visual3design.com/v3d/srodek.php?id=8</link>
     <title>Visual3design.com</title>
     <description>I’m a Design Director with 17 years of graphic design and leadership experience in the branding, marketing,
advertising and webdesign.</description>
     <ror:updatePeriod></ror:updatePeriod>
     <ror:sortOrder>1</ror:sortOrder>
     <ror:resourceOf>sitemap</ror:resourceOf>
</item>
<item>
     <link>http://visual3design.com/v3d/srodek.php?id=9</link>
     <title>Visual3design.com</title>
     <description>I’m a Design Director with 17 years of graphic design and leadership experience in the branding, marketing,
advertising and webdesign.</description>
     <ror:updatePeriod></ror:updatePeriod>
     <ror:sortOrder>1</ror:sortOrder>
     <ror:resourceOf>sitemap</ror:resourceOf>
</item>
<item>
     <link>http://visual3design.com/v3d/srodek.php?id=10</link>
     <title>Visual3design.com</title>
     <description>I’m a Design Director with 17 years of graphic design and leadership experience in the branding, marketing,
advertising and webdesign.</description>
     <ror:updatePeriod></ror:updatePeriod>
     <ror:sortOrder>1</ror:sortOrder>
     <ror:resourceOf>sitemap</ror:resourceOf>
</item>
<item>
     <link>http://visual3design.com/v3d/srodek.php?id=11</link>
     <title>Visual3design.com</title>
     <description>I’m a Design Director with 17 years of graphic design and leadership experience in the branding, marketing,
advertising and webdesign.</description>
     <ror:updatePeriod></ror:updatePeriod>
     <ror:sortOrder>1</ror:sortOrder>
     <ror:resourceOf>sitemap</ror:resourceOf>
</item>
<item>
     <link>http://visual3design.com/v3d/srodek.php?id=12</link>
     <title>Visual3design.com</title>
     <description>I’m a Design Director with 17 years of graphic design and leadership experience in the branding, marketing,
advertising and webdesign.</description>
     <ror:updatePeriod></ror:updatePeriod>
     <ror:sortOrder>1</ror:sortOrder>
     <ror:resourceOf>sitemap</ror:resourceOf>
</item>
<item>
     <link>http://visual3design.com/v3d/srodek.php?id=13</link>
     <title>Visual3design.com</title>
     <description>I’m a Design Director with 17 years of graphic design and leadership experience in the branding, marketing,
advertising and webdesign.</description>
     <ror:updatePeriod></ror:updatePeriod>
     <ror:sortOrder>1</ror:sortOrder>
     <ror:resourceOf>sitemap</ror:resourceOf>
</item>
<item>
     <link>http://visual3design.com/v3d/srodek.php?id=14</link>
     <title>Visual3design.com</title>
     <description>I’m a Design Director with 17 years of graphic design and leadership experience in the branding, marketing,
advertising and webdesign.</description>
     <ror:updatePeriod></ror:updatePeriod>
     <ror:sortOrder>1</ror:sortOrder>
     <ror:resourceOf>sitemap</ror:resourceOf>
</item>
<item>
     <link>http://visual3design.com/v3d/srodek.php?id=15</link>
     <title>Visual3design.com</title>
     <description>I’m a Design Director with 17 years of graphic design and leadership experience in the branding, marketing,
advertising and webdesign.</description>
     <ror:updatePeriod></ror:updatePeriod>
     <ror:sortOrder>1</ror:sortOrder>
     <ror:resourceOf>sitemap</ror:resourceOf>
</item>
<item>
     <link>http://visual3design.com/v3d/srodek.php?id=16</link>
     <title>Visual3design.com</title>
     <description>I’m a Design Director with 17 years of graphic design and leadership experience in the branding, marketing,
advertising and webdesign.</description>
     <ror:updatePeriod></ror:updatePeriod>
     <ror:sortOrder>1</ror:sortOrder>
     <ror:resourceOf>sitemap</ror:resourceOf>
</item>
<item>
     <link>http://visual3design.com/v3d/srodek.php?id=17</link>
     <title>Visual3design.com</title>
     <description>I’m a Design Director with 17 years of graphic design and leadership experience in the branding, marketing,
advertising and webdesign.</description>
     <ror:updatePeriod></ror:updatePeriod>
     <ror:sortOrder>1</ror:sortOrder>
     <ror:resourceOf>sitemap</ror:resourceOf>
</item>
<item>
     <link>http://visual3design.com/v3d/srodek.php?id=18</link>
     <title>Visual3design.com</title>
     <description>I’m a Design Director with 17 years of graphic design and leadership experience in the branding, marketing,
advertising and webdesign.</description>
     <ror:updatePeriod></ror:updatePeriod>
     <ror:sortOrder>1</ror:sortOrder>
     <ror:resourceOf>sitemap</ror:resourceOf>
</item>
<item>
     <link>http://visual3design.com/v3d/srodek.php?id=19</link>
     <title>Visual3design.com</title>
     <description>I’m a Design Director with 17 years of graphic design and leadership experience in the branding, marketing,
advertising and webdesign.</description>
     <ror:updatePeriod></ror:updatePeriod>
     <ror:sortOrder>1</ror:sortOrder>
     <ror:resourceOf>sitemap</ror:resourceOf>
</item>
<item>
     <link>http://visual3design.com/v3d/srodek.php?id=20</link>
     <title>Visual3design.com</title>
     <description>I’m a Design Director with 17 years of graphic design and leadership experience in the branding, marketing,
advertising and webdesign.</description>
     <ror:updatePeriod></ror:updatePeriod>
     <ror:sortOrder>1</ror:sortOrder>
     <ror:resourceOf>sitemap</ror:resourceOf>
</item>
<item>
     <link>http://visual3design.com/v3d/srodek.php?id=21</link>
     <title>Visual3design.com</title>
     <description>I’m a Design Director with 17 years of graphic design and leadership experience in the branding, marketing,
advertising and webdesign.</description>
     <ror:updatePeriod></ror:updatePeriod>
     <ror:sortOrder>1</ror:sortOrder>
     <ror:resourceOf>sitemap</ror:resourceOf>
</item>
<item>
     <link>http://visual3design.com/v3d/_downloads/cv/v-3/rafal-karluk-graphic-designer-cv-ang.pdf</link>
     <title></title>
     
     <ror:updatePeriod></ror:updatePeriod>
     <ror:sortOrder>2</ror:sortOrder>
     <ror:resourceOf>sitemap</ror:resourceOf>
</item>
<item>
     <link>http://visual3design.com/v3d/_downloads/cv/v-3/rafal-karluk-graphic-designer-cv-pl.pdf</link>
     <title></title>
     
     <ror:updatePeriod></ror:updatePeriod>
     <ror:sortOrder>2</ror:sortOrder>
     <ror:resourceOf>sitemap</ror:resourceOf>
</item>
</channel>
</rss>
  